{
  "variant_id": "pairwise_50_medium_unseen100",
  "run_name": "neural_logreg",
  "threshold_source": "calibration_split",
  "threshold": 0.97,
  "calibration_split": "valid",
  "objective": "recall_at_min_precision",
  "min_precision": 0.9,
  "min_recall": null,
  "best_calibration_metrics": {
    "score_min": 0.0063474786064829,
    "score_max": 1.0,
    "score_mean": 0.35318973845618357,
    "score_std": 0.30120190552608084,
    "auroc": 0.8873233333333334,
    "auprc": 0.5387649018266534,
    "average_precision": 0.5387649018266534,
    "log_loss": 0.47012363905288773,
    "brier_score": 0.14838372411221018,
    "threshold": 0.97,
    "accuracy": 0.8645714285714285,
    "balanced_accuracy": 0.5343333333333333,
    "precision": 0.782608695652174,
    "recall": 0.072,
    "f1": 0.13186813186813187,
    "specificity": 0.9966666666666667,
    "false_positive_rate": 0.0033333333333333335,
    "false_negative_rate": 0.928,
    "tp": 36,
    "fp": 10,
    "tn": 2990,
    "fn": 464,
    "support": 3500,
    "positives_true": 500,
    "negatives_true": 3000,
    "positives_pred": 46,
    "negatives_pred": 3454,
    "positive_rate_true": 0.14285714285714285,
    "positive_rate_pred": 0.013142857142857144,
    "objective": "recall_at_min_precision",
    "constraint_met": false,
    "requested_min_precision": 0.9
  },
  "eval_splits": [
    "train",
    "valid",
    "test"
  ]
}