baseline,threshold,precision,recall,f1,fp,fn,auroc,auprc
tfidf_cosine_char,0.35000000000000003,0.294010889292196,0.648,0.4044943820224719,778,176,0.8340649999999998,0.31306649439912737
tfidf_cosine_word,0.21000000000000002,0.2553030303030303,0.674,0.37032967032967035,983,163,0.7916687500000001,0.25973854070214003
fieldwise_lexical_heuristic,0.52,0.2608695652173913,0.612,0.3658099222952779,867,194,0.79650025,0.3002862153557428
bow_cosine,0.29000000000000004,0.21151271753681392,0.632,0.316950852557673,1178,184,0.74205375,0.22656806394235537
always_negative,fixed_all_negative,0.0,0.0,0.0,0,500,0.5,0.1111111111111111
exact_title_match,0.01,0.0,0.0,0.0,0,500,0.5,0.1111111111111111
