{
  "metric": "f1",
  "metric_value": 0.5718875502008032,
  "threshold": 0.66,
  "precision": 0.4778523489932886,
  "recall": 0.712,
  "f1": 0.5718875502008032
}