{
  "metric": "f1",
  "metric_value": 0.38547215496368037,
  "threshold": 0.42000000000000004,
  "precision": 0.25431309904153354,
  "recall": 0.796,
  "f1": 0.38547215496368037
}