model_name,validation_threshold,validation_precision,validation_recall,validation_f1,validation_fp,test_precision,test_recall,test_f1,test_fp,test_fn,auroc,auprc
existing_scorer,0.66,0.4778523489932886,0.712,0.5718875502008032,389,0.2984531392174704,0.656,0.41025641025641024,771,172,0.8312185,0.3092723291520748
field_attention,0.5700000000000001,0.4804630969609262,0.664,0.5575146935348446,359,0.39453125,0.606,0.47791798107255523,465,197,0.87035275,0.48309629948036187
structured_transformer,0.49,0.4466750313676286,0.712,0.5489591364687741,441,0.36741573033707864,0.654,0.47050359712230216,563,173,0.8672365000000001,0.46029091414459644
