split,label,brand_equal_rate,left_unique_brands,right_unique_brands
train,all,0.08466666666666667,148,148
train,0,0.07266666666666667,145,146
train,1,0.12066666666666667,135,128
valid,all,0.07228571428571429,113,113
valid,0,0.06533333333333333,113,113
valid,1,0.114,74,89
test,all,0.05644444444444444,144,142
test,0,0.0505,143,141
test,1,0.104,96,96
